<?xml version="1.0" encoding="utf-8" ?>
<dwsync>
<file name="__construct.htm" server="www.mqtecnologias.com" local="133655665933025251" remote="133671017400000000" Dst="0" />
<file name="acceptpagebreak.htm" server="www.mqtecnologias.com" local="133655665935713058" remote="133671016800000000" Dst="0" />
<file name="addfont.htm" server="www.mqtecnologias.com" local="133655665938292444" remote="133671016800000000" Dst="0" />
<file name="addlink.htm" server="www.mqtecnologias.com" local="133655665941113435" remote="133671016800000000" Dst="0" />
<file name="addpage.htm" server="www.mqtecnologias.com" local="133655665943930290" remote="133671016800000000" Dst="0" />
<file name="aliasnbpages.htm" server="www.mqtecnologias.com" local="133655665946961542" remote="133671016800000000" Dst="0" />
<file name="cell.htm" server="www.mqtecnologias.com" local="133655665949572314" remote="133671016800000000" Dst="0" />
<file name="close.htm" server="www.mqtecnologias.com" local="133655665952341794" remote="133671016800000000" Dst="0" />
<file name="error.htm" server="www.mqtecnologias.com" local="133655665954983295" remote="133671016800000000" Dst="0" />
<file name="footer.htm" server="www.mqtecnologias.com" local="133655665957752305" remote="133671016800000000" Dst="0" />
<file name="getpageheight.htm" server="www.mqtecnologias.com" local="133655665960668821" remote="133671016800000000" Dst="0" />
<file name="getpagewidth.htm" server="www.mqtecnologias.com" local="133655665963601249" remote="133671016800000000" Dst="0" />
<file name="getstringwidth.htm" server="www.mqtecnologias.com" local="133655665966356204" remote="133671016800000000" Dst="0" />
<file name="getx.htm" server="www.mqtecnologias.com" local="133655665969523038" remote="133671016800000000" Dst="0" />
<file name="gety.htm" server="www.mqtecnologias.com" local="133655665972357708" remote="133671016800000000" Dst="0" />
<file name="header.htm" server="www.mqtecnologias.com" local="133655665975437214" remote="133671016800000000" Dst="0" />
<file name="image.htm" server="www.mqtecnologias.com" local="133655665978120273" remote="133671016800000000" Dst="0" />
<file name="index.htm" server="www.mqtecnologias.com" local="133655665981180970" remote="133671016800000000" Dst="0" />
<file name="line.htm" server="www.mqtecnologias.com" local="133655665984134351" remote="133671016800000000" Dst="0" />
<file name="link.htm" server="www.mqtecnologias.com" local="133655665987044332" remote="133671016800000000" Dst="0" />
<file name="ln.htm" server="www.mqtecnologias.com" local="133655665989714089" remote="133671016800000000" Dst="0" />
<file name="multicell.htm" server="www.mqtecnologias.com" local="133655665992440128" remote="133671016800000000" Dst="0" />
<file name="output.htm" server="www.mqtecnologias.com" local="133655665995350816" remote="133671016800000000" Dst="0" />
<file name="pageno.htm" server="www.mqtecnologias.com" local="133655665997922772" remote="133671016800000000" Dst="0" />
<file name="rect.htm" server="www.mqtecnologias.com" local="133655666000991737" remote="133671016800000000" Dst="0" />
<file name="setauthor.htm" server="www.mqtecnologias.com" local="133655666003833703" remote="133671016800000000" Dst="0" />
<file name="setautopagebreak.htm" server="www.mqtecnologias.com" local="133655666006646144" remote="133671016800000000" Dst="0" />
<file name="setcompression.htm" server="www.mqtecnologias.com" local="133655666009762917" remote="133671016800000000" Dst="0" />
<file name="setcreator.htm" server="www.mqtecnologias.com" local="133655666012283890" remote="133671016800000000" Dst="0" />
<file name="setdisplaymode.htm" server="www.mqtecnologias.com" local="133655666015161450" remote="133671016800000000" Dst="0" />
<file name="setdrawcolor.htm" server="www.mqtecnologias.com" local="133655666018027089" remote="133671016800000000" Dst="0" />
<file name="setfillcolor.htm" server="www.mqtecnologias.com" local="133655666020689610" remote="133671016800000000" Dst="0" />
<file name="setfont.htm" server="www.mqtecnologias.com" local="133655666023517984" remote="133671016800000000" Dst="0" />
<file name="setfontsize.htm" server="www.mqtecnologias.com" local="133655666026338808" remote="133671016800000000" Dst="0" />
<file name="setkeywords.htm" server="www.mqtecnologias.com" local="133655666029517991" remote="133671016800000000" Dst="0" />
<file name="setleftmargin.htm" server="www.mqtecnologias.com" local="133655666032228478" remote="133671016800000000" Dst="0" />
<file name="setlinewidth.htm" server="www.mqtecnologias.com" local="133655666035027390" remote="133671016800000000" Dst="0" />
<file name="setlink.htm" server="www.mqtecnologias.com" local="133655666040040772" remote="133671016800000000" Dst="0" />
<file name="setmargins.htm" server="www.mqtecnologias.com" local="133655666042913771" remote="133671016800000000" Dst="0" />
<file name="setrightmargin.htm" server="www.mqtecnologias.com" local="133655666045507049" remote="133671017400000000" Dst="0" />
<file name="setsubject.htm" server="www.mqtecnologias.com" local="133655666048109111" remote="133671017400000000" Dst="0" />
<file name="settextcolor.htm" server="www.mqtecnologias.com" local="133655666051166960" remote="133671017400000000" Dst="0" />
<file name="settitle.htm" server="www.mqtecnologias.com" local="133655666053751955" remote="133671017400000000" Dst="0" />
<file name="settopmargin.htm" server="www.mqtecnologias.com" local="133655666056415359" remote="133671017400000000" Dst="0" />
<file name="setx.htm" server="www.mqtecnologias.com" local="133655666059219061" remote="133671017400000000" Dst="0" />
<file name="setxy.htm" server="www.mqtecnologias.com" local="133655666062212647" remote="133671017400000000" Dst="0" />
<file name="sety.htm" server="www.mqtecnologias.com" local="133655666065119079" remote="133671017400000000" Dst="0" />
<file name="text.htm" server="www.mqtecnologias.com" local="133655666068157438" remote="133671017400000000" Dst="0" />
<file name="write.htm" server="www.mqtecnologias.com" local="133655666070929921" remote="133671017400000000" Dst="0" />
</dwsync>