<?xml version="1.0" encoding="utf-8" ?>
<dwsync>
<file name="20k_c1.txt" server="www.mqtecnologias.com" local="133655666219741897" remote="133671017400000000" Dst="0" />
<file name="20k_c2.txt" server="www.mqtecnologias.com" local="133655666222567362" remote="133671017400000000" Dst="0" />
<file name="CevicheOne-Regular-Licence.txt" server="www.mqtecnologias.com" local="133655666225533833" remote="133671017400000000" Dst="0" />
<file name="CevicheOne-Regular.php" server="www.mqtecnologias.com" local="133655666229161336" remote="133671017400000000" Dst="0" />
<file name="CevicheOne-Regular.ttf" server="www.mqtecnologias.com" local="133655666233903393" remote="133671017400000000" Dst="0" />
<file name="CevicheOne-Regular.z" server="www.mqtecnologias.com" local="133655666237060094" remote="133671017400000000" Dst="0" />
<file name="index.htm" server="www.mqtecnologias.com" local="133655666238749492" remote="133671017400000000" Dst="0" />
<file name="logo.png" server="www.mqtecnologias.com" local="133655666242341229" remote="133671017400000000" Dst="0" />
<file name="makefont.php" server="www.mqtecnologias.com" local="133655666244414629" remote="133671017400000000" Dst="0" />
<file name="paises.txt" server="www.mqtecnologias.com" local="133655666247122067" remote="133671017400000000" Dst="0" />
<file name="tuto1.htm" server="www.mqtecnologias.com" local="133655666249333586" remote="133671017400000000" Dst="0" />
<file name="tuto1.php" server="www.mqtecnologias.com" local="133655666252291748" remote="133671017400000000" Dst="0" />
<file name="tuto2.htm" server="www.mqtecnologias.com" local="133655666255159971" remote="133671017400000000" Dst="0" />
<file name="tuto2.php" server="www.mqtecnologias.com" local="133655666258068146" remote="133671017400000000" Dst="0" />
<file name="tuto3.htm" server="www.mqtecnologias.com" local="133655666261016326" remote="133671017400000000" Dst="0" />
<file name="tuto3.php" server="www.mqtecnologias.com" local="133655666263878924" remote="133671017400000000" Dst="0" />
<file name="tuto4.htm" server="www.mqtecnologias.com" local="133655666266707421" remote="133671017400000000" Dst="0" />
<file name="tuto4.php" server="www.mqtecnologias.com" local="133655666269847884" remote="133671017400000000" Dst="0" />
<file name="tuto5.htm" server="www.mqtecnologias.com" local="133655666272616982" remote="133671017400000000" Dst="0" />
<file name="tuto5.php" server="www.mqtecnologias.com" local="133655666275415239" remote="133671017400000000" Dst="0" />
<file name="tuto6.htm" server="www.mqtecnologias.com" local="133655666278264535" remote="133671017400000000" Dst="0" />
<file name="tuto6.php" server="www.mqtecnologias.com" local="133655666280801787" remote="133671017400000000" Dst="0" />
<file name="tuto7.htm" server="www.mqtecnologias.com" local="133655666283845325" remote="133671017400000000" Dst="0" />
<file name="tuto7.php" server="www.mqtecnologias.com" local="133655666286444845" remote="133671017400000000" Dst="0" />
</dwsync>