<?xml version="1.0" encoding="utf-8" ?>
<dwsync>
<file name="VG.png" server="www.mqtecnologias.com" local="133655665927414622" remote="133671017400000000" Dst="0" />
<file name="error_log" server="www.mqtecnologias.com" local="133655666075782781" remote="133671017400000000" Dst="0" />
<file name="ficha.php" server="www.mqtecnologias.com" local="133655666076971149" remote="133671017400000000" Dst="0" />
<file name="ficharesp.php" server="www.mqtecnologias.com" local="133655666079852300" remote="133671017400000000" Dst="0" />
<file name="fpdf.css" server="www.mqtecnologias.com" local="133655666128274714" remote="133671017400000000" Dst="0" />
<file name="fpdf.php" server="www.mqtecnologias.com" local="133655666132071246" remote="133671017400000000" Dst="0" />
<file name="logo.jpg" server="www.mqtecnologias.com" local="133655666135570973" remote="133671017400000000" Dst="0" />
<file name="logoVG.png" server="www.mqtecnologias.com" local="133655666139002742" remote="133671017400000000" Dst="0" />
<file name="recibopago.php" server="www.mqtecnologias.com" local="133655676820341640" remote="133671017400000000" Dst="0" />
<file name="reportelactancia.php" server="www.mqtecnologias.com" local="133655666209832936" remote="133671017400000000" Dst="0" />
<file name="rounded_rect.php" server="www.mqtecnologias.com" local="133655666212812029" remote="133671017400000000" Dst="0" />
</dwsync>